fullName,headline,title,company,location,linkedinUrl,email,phone
Alcides Tonhato Junior,Supervisor de área,Supervisor de área,"Nalco Water, An Ecolab Company","Piracicaba, São Paulo, Brazil",https://www.linkedin.com/in/alcides-tonhato-junior-82075a47,,
Alexandre Ito,Division Manager at Ecolab,Division Manager,Ecolab,"Campinas, São Paulo, Brazil",https://www.linkedin.com/in/alexandre-ito-6a479397,,
Alfredo de Matos,VP / General Manager Brazil at Ecolab,Vice President & Market Head Brazil,Ecolab,"São Paulo, São Paulo, Brazil",https://www.linkedin.com/in/alfredo-de-matos-9a18a8,,
Aline Costa,Gerente de área Ecolab / Heavy Division,Gerente de área,Ecolab,Brazil,https://www.linkedin.com/in/aline-pacheco-costa,,
Amadeu Fabio Teles,Representante de Distrito Nalco Water,Representante de vendas / Representante de Distrito,"Nalco Water, An Ecolab Company","São Paulo, São Paulo, Brazil",https://www.linkedin.com/in/amadeu-fabio-teles-a86ab9a6,,
Andre Pereira,"District Account Manager, An Ecolab Company",District Account Manager,Ecolab,"São José dos Campos, São Paulo, Brazil",https://www.linkedin.com/in/andre-pereira-b3078175,,
Bruno Bufallo,Field Service Representative,Representante de Serviços de Campo,"Nalco Water, An Ecolab Company","São Paulo, São Paulo, Brazil",https://www.linkedin.com/in/brunobufallo,,
Bruno Fabrini Marques,"Director, Market Leader Latin America, Healthcare @ Ecolab","Director, Market Leader Latin America, Healthcare",Ecolab,"São Paulo, São Paulo, Brazil",https://www.linkedin.com/in/bruno-fabrini-marques-9662498,,
Bruno Nascimento,Sr HR Operations Manager Brasil,"Sr HR Operations Manager (C&B, Payroll, HRIS and Labor Relations)",Ecolab,"São Paulo, São Paulo, Brazil",https://www.linkedin.com/in/bruno-nascimento-4240869,,
Célio Pimenta,Gerente de desenvolvimento de projetos e negócios,Gerente de desenvolvimento de projetos e negócios,"Nalco Water, An Ecolab Company","São Paulo, São Paulo, Brazil",https://www.linkedin.com/in/celiopimenta,,
Claudionor Serpa Neto,Coordenador de operações,Coordenador de operações,"Nalco Water, An Ecolab Company","Camaçari, Bahia, Brazil",https://www.linkedin.com/in/claudionor-serpa-neto-96bb3795,,
Cristina Carla Galdino Martins,Coordenadora Laboratório de Microbiologia,Coordenadora do Laboratório de Microbiologia,Ecolab,"São Paulo, São Paulo, Brazil",https://www.linkedin.com/in/cristina-carla-galdino-martins-4a2a2424,,
Diego Marchiori,Controller da Ecolab Brasil,Controller (Gerente Sr),Ecolab,"São Paulo, São Paulo, Brazil",https://www.linkedin.com/in/diego-marchiori-74586b33,,
Edson Leitão,Engenheiro Químico | Representante de Distrito,Técnico Químico / Representante de Distrito,"Nalco Water, An Ecolab Company","São Luís, Maranhão, Brazil",https://www.linkedin.com/in/edson-leit%C3%A3o-ab6b8992,,
Eduardo Visoni Garcia,Engenheiro de projetos sênior,Engenheiro de projetos sênior,"Nalco Water, An Ecolab Company","São Paulo, São Paulo, Brazil",https://www.linkedin.com/in/eduardo-visoni-garcia-67977715b,,
Erivelto Sartor Lima,Business Development Executive Paper Brazil,Corporate Account Director / Business Development Executive - Paper Brazil,"Nalco Water, An Ecolab Company","São Paulo, São Paulo, Brazil",https://www.linkedin.com/in/erivelto-sartor-lima,,
Evandro Nicolau,Technical Analyst Chemical Quality Control,Technical Analyst Chemical Quality Control,"Nalco Water, An Ecolab Company","Mogi das Cruzes / Suzano, São Paulo, Brazil",https://www.linkedin.com/in/evandro-nicolau-2142193b,,
Fabricia Costa,Representante de Distrito | Nalco Water,Representante de Distrito,"Nalco Water, An Ecolab Company","Ananindeua, Pará, Brazil",https://www.linkedin.com/in/fabricia-costa-1a646bb5,,
Fabrício Gomes Carvalho,District Representative - Nalco Water,District Representative III,"Nalco Water, An Ecolab Company","Paraná, Brazil",https://www.linkedin.com/in/fabr%C3%ADcio-gomes-carvalho-775636211,,
Felipe Amorim,Systems Application Specialist II,Systems Application Specialist II,"Nalco Water, An Ecolab Company","Mogi Mirim, São Paulo, Brazil",https://www.linkedin.com/in/felipe-amorim-243a6b135,,
Fernando Melo,Engenheiro químico | Representante de Distrito,Representante de Distrito,"Nalco Water, An Ecolab Company",Brazil,https://www.linkedin.com/in/fernando-melo-5659254b,,
Gabriel Molina,"District Manager - Tissue, Utilities & Recovery","Gerente de Distrito - Tissue, Utilities & Recovery","Nalco Water, An Ecolab Company","Rio Grande do Sul, Brazil",https://www.linkedin.com/in/gabriel-molina-76133689,,
Genisse Conceição,Representante técnico,Representante técnico / Técnico responsável,"Nalco Water, An Ecolab Company","Guarulhos, São Paulo, Brazil",https://www.linkedin.com/in/genisse-concei%C3%A7%C3%A3o-b2a5791a5,,
Gerusa Bartoli,Gerente de Distrito Ecolab/Nalco,"Gerente de Distrito - Chemical, Downstream & Power","Nalco Water, An Ecolab Company","São Paulo, São Paulo, Brazil",https://www.linkedin.com/in/gerusabartoli,,
Giovana Covielo Figueiredo,Representante de Distrito Nalco Water,Representante de Distrito,"Nalco Water, An Ecolab Company","São Paulo, São Paulo, Brazil",https://www.linkedin.com/in/giovana-covielo-figueiredo,,
Ivan Viana,Gerente de Supply Chain Finance | Ecolab,Gerente de Supply Chain Finance,Ecolab,Brazil,https://www.linkedin.com/in/ivan-viana-45915434,,
Jackson Frade,Representante de Distrito,District Sales Representative,"Nalco Water, An Ecolab Company","Minas Gerais, Brazil",https://www.linkedin.com/in/jackson-frade-80b268143,,
Jéssica Melo,Corporate Account Manager LATAM South,Corporate Account Manager Latin America South,Ecolab,"São Paulo, São Paulo, Brazil",https://www.linkedin.com/in/j%C3%A9ssica-melo,,
João Rafael da Silva,Supervisor de Operações e Field Services,Supervisor de Serviço de Campo,"Nalco Water, An Ecolab Company","Campinas, São Paulo, Brazil",https://www.linkedin.com/in/jo%C3%A3o-rafael-da-silva-27a218aa,,
Julio Pozzato,Gerente Regional de Suporte Tecnico,Gerente Regional de Suporte Tecnico,Ecolab,Brazil,https://www.linkedin.com/in/julio-pozzato-71b74647,,
Luan Amaro,Técnico de O&M - plantas de tratamento,Técnico de O&M,"Nalco Water, An Ecolab Company","Rio de Janeiro / Paraná, Brazil",https://www.linkedin.com/in/luan-amaro96,,
Marcus Magalhães,Digital & Technical Solutions Manager | Engenheiro,Digital & Technical Solutions Manager,Ecolab,Brazil,https://www.linkedin.com/in/marcus-magalh%C3%A3es-47209412a,,
Matheus Carvalho,Account Manager Food & Beverage,Account Manager (Food & Beverage Division),Ecolab,"São Paulo, São Paulo, Brazil",https://www.linkedin.com/in/matheus-carvalho-280790163,,
Mayra Cavallaro Quitzau,Diretora de Divisão Paper Brasil,Diretora de Divisão - Paper Brasil,Ecolab,"São Paulo, São Paulo, Brazil",https://www.linkedin.com/in/mayra-cavallaro-quitzau-2a019b64,,
Natalia Ferrari,Customer Services na Nalco,Customer Services,"Nalco Water, An Ecolab Company","Suzano, São Paulo, Brazil",https://www.linkedin.com/in/natalia-ferrari-64936380,,
Ney Souza,RD&E Director Latin America,"Research, Development and Engineering Director",Ecolab,Brazil,https://www.linkedin.com/in/neywsouza,,
PAULO CESAR MARTELLI,Representante técnico II Nalco/Ecolab,Representante Técnico de Serviços (RTS),"Nalco Water, An Ecolab Company","São Paulo, São Paulo, Brazil",https://www.linkedin.com/in/paulo-cesar-martelli-a26572ba,,
Rafael Souza,"Marketing Director, Ecolab Brazil",Marketing Director,Ecolab,"São Paulo, São Paulo, Brazil",https://www.linkedin.com/in/rafael-souza-b4271432,,
Renato Pudo,Supply Chain Director at Ecolab Brazil,Supply Chain Director,Ecolab,Brazil,https://www.linkedin.com/in/renato-pudo-pmp,,
Ricardo Maciel,Head Division Lead | Light Brasil,Market Division Lead - Light Brasil,"Nalco Water, An Ecolab Company","São Paulo, Brazil",https://www.linkedin.com/in/ricardo-maciel-32ba27a9,,
Sérgio Da Silva,Plant Manager / Gerente de Operações,Gerente de Operações / Plant Manager,"Nalco Water, An Ecolab Company","Suzano, São Paulo, Brazil",https://www.linkedin.com/in/sergioplantmanager,,
Silvia Lopes,Gerente de QHSE Brasil,Gerente de Qualidade / QHSE Brasil,Ecolab,"São Paulo, São Paulo, Brazil",https://www.linkedin.com/in/silvia-herartt-l-bara%C3%A7al,,
Tarcisio Júnior,Area Manager - Water Treatment,Area Manager - Water Treatment,"Nalco Water, An Ecolab Company","Mogi das Cruzes, São Paulo, Brazil",https://www.linkedin.com/in/tarcisio-j%C3%BAnior-a6ab996b,,
Thiago Barreto,Accounting Supervisor na ECOLAB,Accounting Supervisor,Ecolab,"São Paulo, São Paulo, Brazil",https://www.linkedin.com/in/thiago-barreto-12a26538,,
Tiago Felix,Account Manager | Gerente de Contas @Ecolab,Gerente de Contas,Ecolab,"Ribeirão Pires, São Paulo, Brazil",https://www.linkedin.com/in/tiago-souza-felix,,
Vanderlei Pereira,Representante de Distrito I,Representante de Distrito I,"Nalco Water, An Ecolab Company","Novo Horizonte, São Paulo, Brazil",https://www.linkedin.com/in/vanderlei-pereira-534b77158,,
Washington Foratini,Senior Sales & Business Development Leader,Business Development Manager / District Manager,Ecolab,"Belo Horizonte, Minas Gerais, Brazil",https://www.linkedin.com/in/washington-foratini-54271845,,
Washington Nobre,Gerente Nacional de Vendas na Ecolab,Gerente Nacional de Vendas / Area Manager Brazil,Ecolab,"São Paulo, São Paulo, Brazil",https://www.linkedin.com/in/washingtonnobre,,
Willians Yogui,Engineering Manager Latin America,Engineering Manager,Ecolab,Brazil,https://www.linkedin.com/in/yoguifilho,,
