fullName,title,company,location,email,linkedinUrl
Airton Cousseau,"President and CEO of Hyundai Brazil, Central and South America",Hyundai Motor Company (현대자동차),"São Paulo, Brazil",,https://www.linkedin.com/in/ACwAAAD4hkIB3UEpVNwDFNNOby1hmp0rAof7zD0
"Albert Nieto Celle, PMP®",Strategic Product Development & Profit VMO Senior Manager,Hyundai Motor Company,"São Paulo, São Paulo, Brazil",,https://www.linkedin.com/in/ACwAAAQUeecB8AqkjLclBrdCGDeBt2sQF6cFRtE
Alberto H.,Head of Product Management,Hyundai Motor Brasil,"São Paulo, São Paulo, Brazil",,https://www.linkedin.com/in/ACwAAAD5B3MBr65kxLcjprh0mf5vXR3RUKbAVyg
Alex Lopes,Gerente Sênior de Compras,Hyundai Motor Company,"Piracicaba, São Paulo, Brazil",,https://www.linkedin.com/in/ACwAAAk7OsMB-z6xCTekE5W98FUau0nvSWvsbP4
Alexandre Silveira,Head of IT Digital Innovation & Connected Car Services,Hyundai Motor Company,"São Paulo, São Paulo, Brazil",,https://www.linkedin.com/in/ACwAAALVRoEBTikD1wKgb5dX8ff9EmZULJxJ3MU
Aline Locatelli,Supervisora de T&D,Hyundai Motor Company,"Piracicaba, São Paulo, Brazil",,https://www.linkedin.com/in/ACwAAAWcRc8BSDbOpuQaY1PZYHFZySN_ASlTTR0
Anderson Vetoriano,Senior Marketing | Event & Sponsorship | Brand Experience | Motorsport,Hyundai Motor Brasil,"São Paulo, São Paulo, Brazil",,https://www.linkedin.com/in/ACwAAAGmhMgBvu8MQeafiNW2P01pWmZSjzR8a3A
Andre Hirano,Senior Human Resources Manager,Hyundai Motor Brasil,"São Paulo, São Paulo, Brazil",,https://www.linkedin.com/in/ACwAAAR_s1oBXegAr_owuyWkq5tpYMSkq99duPg
Andre Oliveira,Manobrista,Hyundai Motor Company,"São Paulo, São Paulo, Brazil",,https://www.linkedin.com/in/ACwAAGST7_MB9xCZ5E-ooE-36RosKnHxc7mMkw8
Angela  Corrêa,Spare Parts & Accessories Analyst,Hyundai Motor Brasil,"São Paulo, Brazil",,https://www.linkedin.com/in/ACwAAD2vgCgBiRU4J3EHdc8YrKNH7RLuMOcIROk
Bruna Bronsato,R&D Specialist - Materials Engineering,Hyundai Motor Company,"Rio de Janeiro, Rio de Janeiro, Brazil",,https://www.linkedin.com/in/ACwAABhbNLMBI-QMVgmaLSIQndUVasfg4XM8Oh8
Bruno Armelim,"Supervisor de Construção, Infraestrutura e Manutenção Predial",Hyundai Motor Brasil,"Piracicaba, São Paulo, Brazil",,https://www.linkedin.com/in/ACwAABC1XYMBqmjndppgaVO8rCv1UkSaDgVGR4k
Bruno Escribano,Planning and Service Marketing Sr. Manager,Hyundai Motor Brasil,"São Paulo, São Paulo, Brazil",,https://www.linkedin.com/in/ACwAAAEwA74BQpj7TsBzUa0Me_2BBapz10r8ou4
Camila Pirillo,Business Operations & Strategy Specialist,Hyundai Motor Company,"Piracicaba, São Paulo, Brazil",,https://www.linkedin.com/in/ACwAAAPIls8BmVrtLkYQVguyCuSNo2NFQZi4ZOo
Claudio omar Barbosa,Paint Shop Production Manager ( Lider Pilar F.I - WCM),HYUNDAI MOTOR BRASIL,"Piracicaba, São Paulo, Brazil",,https://www.linkedin.com/in/ACwAAAgf-HcBTojAPy0ajemXryYnrKMseBYKzok
Clevir Coleto Correia,Senior Marketing Manager for Central & South America,Hyundai Motor Company,"São Paulo, São Paulo, Brazil",,https://www.linkedin.com/in/ACwAAAgwmSoBPgQTucj8NkYGjIILZYEBVAK2v2c
Cristian Caillet Bois,Gerente de Vendas Latam,Hyundai Motor Company,"São Paulo, São Paulo, Brazil",,https://www.linkedin.com/in/ACwAAAWWGm4BDq5_d_F_-jbEBZVK33mZdTNdYn4
Cristiano Mineiro,Executive Marketing Manager,Hyundai Motor Brasil,"São Paulo, São Paulo, Brazil",,https://www.linkedin.com/in/ACwAAASZPtoBDRyojF-tsQ7t-ifsy6fzR4jjAEE
Daniel Friche,Gerente de manutenção,Hyundai Motor Brasil,"Piracicaba, São Paulo, Brazil",,https://www.linkedin.com/in/ACwAABEcsl4BsWfLQ10a7qSgw9op1ewwrknXUO4
E. Luiz Estrozi,After Sales Director at Hyundai Motor Brazil & CSA  Region,Hyundai Motor Brasil,"São Paulo, São Paulo, Brazil",,https://www.linkedin.com/in/ACwAAA7nhbcB0HxRKoWJ5DeWVCcA7BurGwgiJt8
Ebru Semizer,Diretora de marketing,Hyundai Motor Company,Brazil,,https://www.linkedin.com/in/ACwAAAX10-QBZ1Zxt24oEb0hz3nECD-qW7xX6oI
Eduardo Monteiro,Diretor de produção,Hyundai Motor Company,"Piracicaba, São Paulo, Brazil",,https://www.linkedin.com/in/ACwAABk-NEUBICA5gaxOASsqCBdi-Bh6o0er1xk
Enzo Weber Soeiro,Analista Pleno de Planejamento de Vendas,Hyundai Motor Company,"São Paulo, São Paulo, Brazil",,https://www.linkedin.com/in/ACwAADgmnJgBhnh4n1boZEdjm_i719DiUj0aYgM
Eric Reis,Especialista em Engenharia Logística,Hyundai Motor Brasil,"Minas Gerais, Brazil",,https://www.linkedin.com/in/ACwAAA1_j7IBYWgQn8MvK4cTf4h3ml8l9GL1CXA
Eriel H. Mineli,Sr. Gerente de Comércio Exterior e Trade Compliance,Hyundai Motor Company,"Piracicaba, São Paulo, Brazil",,https://www.linkedin.com/in/ACwAAAR8wzwB26vsqFWCA4VWMOLRHmLOwC1yjDo
Ernesto Hori,Head of Department (Powertrain & Homologation),Hyundai Motor Brasil,"Piracicaba, São Paulo, Brazil",,https://www.linkedin.com/in/ACwAAALs1i4BwLiB59DciC3sqXve3dVEudZi5TM
Everton Tiezi,Especialista Pleno de Processos de Solda e Dimensional,Hyundai Motor Company,"Santo André, São Paulo, Brazil",,https://www.linkedin.com/in/ACwAABNp2xABShhNbf5XTja9IAow2ZiiJGMY7yU
Fabio Bonamin,Sr. Manager of Assembly shop,Hyundai Motor Brasil,"Piracicaba, São Paulo, Brazil",,https://www.linkedin.com/in/ACwAAAYe8cMBRexO2W0etdi_jThemzQnDdYkA4Q
Fabio Bonilha,ESG AND INNOVATION SR. MANAGER,Hyundai Motor Company,"São Paulo, São Paulo, Brazil",,https://www.linkedin.com/in/ACwAAAFw0jMBYykHE1X2guo4eFA1ly2_U2odszA
Fagner Asbahr de Oliveira,Production Executive Manager | Head of Department,Hyundai Motor Brasil,"Limeira, São Paulo, Brazil",,https://www.linkedin.com/in/ACwAAAMIbt0BGgpLMYUOCQ67ir1_L3KFzOutNiE
Felipe Gregolin,Analista Jr. | Controle de Especificações,Hyundai Motor Company,"Santa Bárbara d'Oeste, São Paulo, Brazil",,https://www.linkedin.com/in/ACwAADhZU54Boa3oZJTJTxvLOS03K1RKJDnZhcc
Felipe Laureano,Weld Process Analyst,Hyundai Motor Company,Brazil,,https://www.linkedin.com/in/ACwAACWsk3oBBmu5bFXMKO9qaW6gfpa0_wSlP8k
Felipe Martins Lorca,Central & South America Aftersales Supervisor,Hyundai Motor Brasil,"Guarulhos, São Paulo, Brazil",,https://www.linkedin.com/in/ACwAAAcqJMcBzLsOm-1oj8To9uDKniQJ_cxdlvQ
Flavio Lima,Regional Dealer Network & Customer Experience Leader,Hyundai Motor Company,Greater São Paulo Area,,https://www.linkedin.com/in/ACwAAAOcn64BGWcqbBmTxo-oRqlH3RKn1ZsWevg
Flavio Muniz,Especialista em compras,Hyundai Motor Brasil,"Piracicaba, São Paulo, Brazil",,https://www.linkedin.com/in/ACwAAAB9l5MBQ8D7CvApv9pE1TMvq3bfV0mfCps
Francisco Magalhães,Body Shop Production & Process Engineering Manager,Hyundai Motor Brasil,"Piracicaba, São Paulo, Brazil",,https://www.linkedin.com/in/ACwAABEsPMYBygwrBGPFQzdrYVQiACaG2U9pATE
Frederico Martini,National Pre-Owned Supervisor,Hyundai Motor Brasil,"São Paulo, São Paulo, Brazil",,https://www.linkedin.com/in/ACwAAARGVI8BI2ZzXevcY2FkwgWYc_EoN7Xs7fs
Gabriel Bassani,Estágio manutenção,Hyundai Motor Company,"Rio das Pedras, São Paulo, Brazil",,https://www.linkedin.com/in/ACwAAFnYnPEBw8FANo1Y_jrWM2nSp-fMul2COFw
Gerardo Carmona,Chief Operations Officer - Hyundai Motor Central & South America,Hyundai Motor Company,"São Paulo, Brazil",,https://www.linkedin.com/in/ACwAAATS2_gBLz2e493fkzzbCCw6iYUP2eysUkg
Giselle Leticia da Silva,Gerente Regional de Pós-Venda,Hyundai Motor Brasil,Brazil,,https://www.linkedin.com/in/ACwAAAWR2ywB6ixFtwOhn2YNXxzbcrDdsJLiU7M
Helder Flavio,Team Leader Sênior,Hyundai Motor Brasil,"Piracicaba, São Paulo, Brazil",,https://www.linkedin.com/in/ACwAACwQdpMB7CCQdEGUooEjW6MEkUJbRFEaLcI
Ivan Carvalho,Director of Procurement Division HMCSA,Hyundai Motor Central & South America,"Piracicaba, São Paulo, Brazil",,https://www.linkedin.com/in/ACwAAAUracQBuqJzFMI56gWY65-_CMmbkvI2JYI
Jackson  M.,Área Administrativa | Ambulatório,Hyundai Motor Company,"Americana, São Paulo, Brazil",,https://www.linkedin.com/in/ACwAAEyhC-AB1jzLG7xEPfdMjutBRdwsgAsrCnk
Jackson Cesini Alves,Full Technical Purchasing,Hyundai Motor Company,"Piracicaba, São Paulo, Brazil",,https://www.linkedin.com/in/ACwAAA4DdJkBa-bS8RHnfv8nuBC8eRYW0fRFauc
Jean Maceto Del Porto Negraes,Cost Optimization Senior,Hyundai Motor Company,"Piracicaba, São Paulo, Brazil",,https://www.linkedin.com/in/ACwAACXdt1QBOa5_1RHFs2YejYiqvy5oMAj576g
Joao  Sales,Maintenance supervisor,Hyundai Motor Brasil,"Piracicaba, São Paulo, Brazil",,https://www.linkedin.com/in/ACwAABPtpLoB0L4AQWUbO5HBYu5q7vmpiE8Zucg
João Lucas Santos,Process Engineering Manager,Hyundai Motor Company,"Piracicaba, São Paulo, Brazil",,https://www.linkedin.com/in/ACwAAAp05RABzTQTtKiqBDIi1bYpRavgQHUkxCE
Juliana Berti,Gerente Senior de Facilities,Hyundai Motor Brasil,"Piracicaba, São Paulo, Brazil",,https://www.linkedin.com/in/ACwAAAUjF3ABltppWzp2lDKP84hz-kokrj2vj4Q
Kamily Santos,Assistant Business Strategy & Governance,Hyundai Motor Company,"São Paulo, São Paulo, Brazil",,https://www.linkedin.com/in/ACwAADmTHq0BfDacIsIGqbNxDmdrxi7sM5Z6__8
Lauro G.,Director of Research & Development,Hyundai Motor Brasil,"Piracicaba, São Paulo, Brazil",,https://www.linkedin.com/in/ACwAAAP0WhgBrgHAcTw-kmNGicS0DS63yM34orw
Leonardo Ikeoka,Analista Sr. Planejamento de Produto,Hyundai Motor Company,"São Paulo, São Paulo, Brazil",,https://www.linkedin.com/in/ACwAACzv1eIBU0W2EVJhIBfpkJzQjqTH1n6iJlI
Leonardo Losasso,Assistant Procurement Manager,Hyundai Motor Company,"Piracicaba, São Paulo, Brazil",,https://www.linkedin.com/in/ACwAAAnQGPgBScIV2W2SzmRsDr0SNQ6g7LELP6I
Leticia Calsavara,Analista de recrutamento e seleção,Hyundai Motor Company,"Piracicaba, São Paulo, Brazil",,https://www.linkedin.com/in/ACwAACsHGLUBcvM3FXo_s8CTXKLYp6qYDzBQMEI
Lucas Pereira Arbex,Team Leader Quality Control,Hyundai Motor Company,"Piracicaba, São Paulo, Brazil",,https://www.linkedin.com/in/ACwAAFpGuswBksjmFP9663-3EaA8CyJXBoPedmU
Marcel Jaworski,"Deputy Director (Employee Relations, Facilities, Infrastructure, Environment, Health & Safety)",Hyundai Motor Brasil,"Piracicaba, São Paulo, Brazil",,https://www.linkedin.com/in/ACwAAAWjGk4BsM0xLmx2hMkKTPs5RugEThCjBnY
Marcelo Cunha,IT Manager,Hyundai Motor Brasil,Greater São Paulo Area,,https://www.linkedin.com/in/ACwAAAcZDo8BJzhn-IJWBvkvU5OmnxOmS9fk_EQ
Marcelo Fonseca,IT Executive Manager,Hyundai Motor Company,"Piracicaba, São Paulo, Brazil",,https://www.linkedin.com/in/ACwAAAJQwygBfTaRKRjGA49j1TMYP6ZlyvCg5WA
Marcos Fonseca Oliveira,"Vice President & CMO - Manufacturing, Quality and R&D",Hyundai Motor Brasil,"Piracicaba, São Paulo, Brazil",,https://www.linkedin.com/in/ACwAAAK9KQ8B15TLgvuRLlXJ6FrBKeg48gpPue4
Marcus Vinicius Escabora Simões,Hyundai Motor Brasil,Hyundai Motor Brasil,"Limeira, São Paulo, Brazil",,https://www.linkedin.com/in/ACwAAAt1RXIBWhmO35okrA31U7vREOPxFwF61hs
Maria Júlia Rodrigues,Marketing Brasil | Social Media & Content,Hyundai Motor Company,"São Paulo, São Paulo, Brazil",,https://www.linkedin.com/in/ACwAACpmk2MB2j7cdvwfqHYL7iv1IGXzIy5ya-w
Marina Braga,Médica do Trabalho Pl.,Hyundai Motor Company,"São Paulo, Brazil",,https://www.linkedin.com/in/ACwAADPP0bUBaVAAE4lGLmLNdX_4C7DSv5yyK0g
Matheus Macedo,Senior Data Science Analyst,Hyundai Motor Brasil,"Piracicaba, São Paulo, Brazil",,https://www.linkedin.com/in/ACwAACF-GoIBpMvwMIp0m215i02ddE1NKzHTFPQ
Oscar Castro,National Sales and Network Dealer Development Executive Director - Hyundai Motor Brazil,Hyundai Motor Brasil,"São Paulo, São Paulo, Brazil",,https://www.linkedin.com/in/ACwAAAF7mbsB_fKYZAJHxYrMtrsAm-vpF5b2qyo
Patricia Morales,Marketing Manager - Events/Sponsorships/Promotions,Hyundai Motor Brasil,"São Paulo, São Paulo, Brazil",,https://www.linkedin.com/in/ACwAAAQzq_gB3RPqqsW5yoAHY_Sb2Na3Rt-JGqw
Paulo Augusto M.,Engine Calibration Specialist | On-Board Diagnostics,Hyundai Motor Brasil,"Piracicaba, São Paulo, Brazil",,https://www.linkedin.com/in/ACwAACD80YsBc-I2izhVc2lPkGSGR50JoU9Lvtc
Pedro Palma,Executive Manager | Head of Paint Shop Operations,Hyundai Motor Company,"Piracicaba, São Paulo, Brazil",,https://www.linkedin.com/in/ACwAAAXMlgkBjkcEOErHDKBWLL17dH5uXec9rmo
Renato Vale,Engine Plant Maintenance Chief,Hyundai Motor Company,"Piracicaba, São Paulo, Brazil",,https://www.linkedin.com/in/ACwAAAvzrI0BZJQooSKxcNjKbAo8iRm3dJ_CK2s
"Ricardo Augusto Martins, PhD, MSc, MBA",Chief Administrative Officer & Vice President - Administrative Division,HYUNDAI MOTOR CENTRAL & SOUTH AMERICA REGIONS,"São Paulo, São Paulo, Brazil",,https://www.linkedin.com/in/ACwAAAGJbHgBl6ny6WHoDd9Yc1WIsNobiC6qfhY
Robson Cavalcante,"Head of Retail Media Strategy, CRO, Digital CX & CRM department at Hyundai",Hyundai Motor Brasil,"São Paulo, São Paulo, Brazil",,https://www.linkedin.com/in/ACwAAAO6J4EBCzm1lKAOnOhHVMcS_V31GbXiOXo
Ronaldo Satoru Abe,Quality Assurance Executive Manager,Hyundai Motor Company,"Piracicaba, São Paulo, Brazil",,https://www.linkedin.com/in/ACwAAAEJ2mgBsCdXdEOQbn3bm8lXzgsb6cEVUDM
Thiago Abdou,Data Analytics Specialist | Tech Lead (Project and People Leadership),Hyundai Motor Brasil,"São Paulo, São Paulo, Brazil",,https://www.linkedin.com/in/ACwAABFmrvcB4fIQKknPYXQ1d73tMQWUht6iyns
Vania Lima,CRM & After Sales IT Business Partner,Hyundai Motor Company,"São Paulo, São Paulo, Brazil",,https://www.linkedin.com/in/ACwAAA5NAn0BOASpeDQmD8TXCyk3TrbTKkIR8LI
Victor Almeida,HR Strategy & Planning Sr. Manager,Hyundai Motor Company,"São Paulo, São Paulo, Brazil",,https://www.linkedin.com/in/ACwAABlBD3kBiqs7D8CR91l7m2LY2FkHF1vTgpI
Vladimir Souza,Group Leader Sr. na Hyundai Motor Brasil - Lean Six Sigma - Yellow Belt,Hyundai Motor Brasil,"São Caetano do Sul, São Paulo, Brazil",,https://www.linkedin.com/in/ACwAAAiRHHQBfcLtgXZr5LhlrgQTNz3xh6hiHqo
Wagner Doti,Supervisor Sênior de Estamparia e Ferramentaria,Hyundai Motor Brasil,"Piracicaba, São Paulo, Brazil",,https://www.linkedin.com/in/ACwAAAXSdR4BFPhyh8idVtfcJSfZUimZVVlxQ-4
Wagner Lacerda  MSc,Diretor Adjunto | Deputy Director Manager,Hyundai Motor Company,"Piracicaba, São Paulo, Brazil",,https://www.linkedin.com/in/ACwAAAuyqlsBofppB27tQ8kWS1NxxAbsZ3Hi_9k
Welberte Castro,Consultor Regional Sênior Pós Venda,Hyundai Motor Brasil,"Belo Horizonte, Minas Gerais, Brazil",,https://www.linkedin.com/in/ACwAAAWIhG4BqxoOPU121z03bC803MPMTb5Z9Ls
Wesley Henrique Sencio de Brito,Senior Process Analyst,Hyundai Motor Company,"Campinas, São Paulo, Brazil",,https://www.linkedin.com/in/ACwAADZOtMkBQ9fSNneSxpM-SvEcJkgpSIa8-g4
