fullName;title;location;email;linkedinUrl
Andre Reis Dias;Analista de laboratório;Uberaba, Minas Gerais, Brazil;;https://www.linkedin.com/in/ACwAAC21cK4BxjGEZoxocEe-eclzimUHXoLOCu8
ANTONIO PADUA LIMA;GERENTE ADMINISTRATIVO;Uberaba, Minas Gerais, Brazil;;https://www.linkedin.com/in/ACwAAA9tS0cBHiNG7Kve56mZeoH_wAj8ov_x63c
clenio queiroz de barros;Responsável tecnico/ escultor;Camaragibe, Pernambuco, Brazil;;https://www.linkedin.com/in/ACwAABjSsEQBseq1xu7yjmSFbpdpKb4ZJXZRM3U
Cédrick Philipe;Analista;Candeias, Bahia, Brazil;;https://www.linkedin.com/in/ACwAAE9d9YYB7x3XN9PZKweJzTF5U19jXLtiMUQ
Daniel S.;Analista de Laboratório  Sênior;Brazil;;https://www.linkedin.com/in/daniel-s-890476120
Darlan Sarmento;Técnico pleno;Bonito, Pará, Brazil;;https://www.linkedin.com/in/ACwAADk6P5IBgVK1voJyLLsIWkbOe17uQ7CmaQY
Darlan Sarmento;Analista de laboratório;Bonito, Pará, Brazil;;https://www.linkedin.com/in/ACwAACXoU04ByxgltUSnt6Y09OWXxhk839ygt6A
Eduardo Andrade;Auxiliar administrativo;Uberaba, Minas Gerais, Brazil;;https://www.linkedin.com/in/ACwAAF481b4BTWBAArOIAOfaieqif0mdpw9aTME
Ezequias Weriglis;Analista de laboratório;Candeias, Bahia, Brazil;;https://www.linkedin.com/in/ACwAAGEGFn8BMJXbI4aFeKiQt5m3hkB01EuNUxw
Fernando Borges;Gerente;Uberaba, Minas Gerais, Brazil;fborges@labfert.agr.br;https://www.linkedin.com/in/fernando-borges-4497a9186
Fillipe Cruz;Analista de laboratório;Rio Grande, Rio Grande do Sul, Brazil;;https://www.linkedin.com/in/fillipe-cruz-1ba607214
Gabriel Lacerda Campos;Gerente de operações laboratoriais;Camaçari, Bahia, Brazil;;https://www.linkedin.com/in/gabriel-lacerda-campos-3bb2027b
Gabriel Souza;Analista de laboratório;Portugal;;https://www.linkedin.com/in/ACwAAC-0W38Bj5a0JmZlH039Jbr1M8ldsgI1a6U
Gabriel ViIlar;analista solos,foliar e alimento animal;Pindamonhangaba, São Paulo, Brazil;;https://www.linkedin.com/in/gabriel-viilar-b4611924b
Giovanni Sousa;Técnico de laboratório;Itumbiara, Goiás, Brazil;;https://www.linkedin.com/in/ACwAAEVbdv8BUxlLC1FZ7yBgY4GVf2nFlz_gGD8
Henrique Daniel Santos Silveira;Gerente de Laboratório (Fertilizantes) Unidade Bonito PA;Capanema, Pará, Brazil;;https://www.linkedin.com/in/henrique-daniel-santos-silveira-a241b759
Henrique Gonçalves;Analista júnior;Paranaguá, Paraná, Brazil;;https://www.linkedin.com/in/ACwAADNMiDkBrtZkaqHR5PP38FGGY6ntZDSwHbQ
Jhonathan Braga;Analista de laboratório;Brazil;;https://www.linkedin.com/in/ACwAAGel9A8BJs8aWjoRWndQNq-W_9WE55CcUHc
Jhonathan Braga;Auxiliar de laboratório;Bonito, Pará, Brazil;;https://www.linkedin.com/in/ACwAAC-aBvwBH2jrMeQnc6Zx5mcJxFYR_PzcqQs
joao max gomes;Analista de laboratório;Bonito, Pará, Brazil;;https://www.linkedin.com/in/joao-max-gomes-271527137
Jobert Silva;Líder de equipe;Uberaba, Minas Gerais, Brazil;;https://www.linkedin.com/in/ACwAADKAvkEBtU3XEZYlSx-LJlxlMcT3EqY0_g4
João Paulo Martins Locci;Analista químico;Uberaba, Minas Gerais, Brazil;;https://www.linkedin.com/in/ACwAAGXSargBgl4SJhwOkEOrKmCyHVea3PlOvTo
João Paulo Oliveira;Preparador de amostra;Uberaba, Minas Gerais, Brazil;;https://www.linkedin.com/in/ACwAADy5PUIBBOlcNdPZm3whsq8UL63EtZrNXl8
Thiago Torres;Gerente Regional - Sul;Paranaguá, Paraná, Brazil;t.torres@labfert.agr.br;https://www.linkedin.com/in/thiago-torres-37359a119
Tiago Henrique da Silva;Supervisor;Aramina, São Paulo, Brazil;;https://www.linkedin.com/in/ACwAABvtHvABVYBJOswJoqEU3Iew4KToZpBzILw
Tiago Labfert;Gerente de Laboratório;Brazil;;https://www.linkedin.com/in/ACwAABJYQgsBS2_0zSXhh01lpZCIMDLin5BVXCM
Victor Tsutsui;Information Technology Specialist;Uberaba, Minas Gerais, Brazil;;https://www.linkedin.com/in/victor-tsutsui-ab0982351
VINICIOS MARGATO;CEO & Founder;Uberaba, Minas Gerais, Brazil;;https://www.linkedin.com/in/vinicios-margato-1b1b8861
Wendre Fernando;Diretor administrativo;Uberaba, Minas Gerais, Brazil;;https://www.linkedin.com/in/wendre-fernando-135625388
Wesley Ribeiro;Analista de laboratório;Uberaba, Minas Gerais, Brazil;;https://www.linkedin.com/in/ACwAAEAPCHYBnThsuE9zRiTzh6TEBLdW4roarc4
Ítalo José Silva;Técnico químico;Uberaba, Minas Gerais, Brazil;;https://www.linkedin.com/in/ítalo-josé-silva-a09983435
