name,address,phone,website,rating,reviewsCount,category,googleUrl
DoctorFit Uberaba,"Rua Aristeu Píres França, 361 - Mercês, Uberaba - MG, 38060-490",(34) 99732-1242,https://doctorfit.com.br/unidades/uberaba/,5.0,31,Estúdio / Personal training,https://www.google.com/maps/search/?api=1&query=-19.750713%2C-47.948675
Scultura Academia,"Rua Vigário Silva, 760, Uberaba - MG, 38022-190",(34) 3076-1808,,5.0,23,Academia / Gym,https://www.google.com/maps/search/?api=1&query=-19.75591%2C-47.93515
Studio Pró Corpo,"Av. da Saudade, 1105, Uberaba - MG, 38061-220",(34) 98429-1192,,4.9,65,Academia / Gym,https://www.google.com/maps/search/?api=1&query=-19.743842%2C-47.956429
Academia Profit,"Av. Edilson Lamartine Mendes - Parque das Américas, Uberaba - MG, 38045-120",(34) 99331-5400,,4.9,61,Academia / Gym,https://www.google.com/maps/search/?api=1&query=-19.77066%2C-47.95125
Academia Sport Fitness,"Rua Tenente Wenceslau de Oliveira, 860 - Nossa Senhora da Abadia, Uberaba - MG, 38026-020",(34) 3322-8575,,4.9,42,Academia / Gym,https://www.google.com/maps/search/?api=1&query=-19.75973%2C-47.92606
Academia AGS Fitness,"Rua Vital de Negreiros, 610, Uberaba - MG, 38065-290",,,4.9,24,Academia / Gym,https://www.google.com/maps/search/?api=1&query=-19.737338%2C-47.93712
Trainerfit Academia,"Av. Nossa Senhora do Desterro, 1286 - Cidade Nova, Uberaba - MG, 38082-350",(34) 98809-4506,https://instagram.com/TRAINERFITUBERABA,4.89,63,Academia / Gym,"https://www.google.com/maps/search/?api=1&query=Trainerfit+Academia+Av.+Nossa+Senhora+do+Desterro,+1286+-+Cidade+Nova,+Uberaba+-+MG,+38082-350"
Studio Classic Academia,"Av. da Saudade, 1060 - Santa Marta, Uberaba - MG",(34) 3313-7979,https://academiaemuberaba.com.br/,4.86,,Academia / Gym,"https://www.google.com/maps/search/?api=1&query=Studio+Classic+Academia+Av.+da+Saudade,+1060+-+Santa+Marta,+Uberaba+-+MG"
URA26 Academia,"Rua Pedro Floro, 2-72, Uberaba - MG, 38015-380",(34) 99863-8747,https://www.instagram.com/ura26oficial/,4.85,176,Academia / Gym,"https://www.google.com/maps/search/?api=1&query=URA26+Academia+Rua+Pedro+Floro,+2-72,+Uberaba+-+MG,+38015-380"
Academia Tasmanian Gym,"Rua Píres de Campos, 409 - Estados Unidos, Uberaba - MG, 38015-120",(34) 99124-8767,https://instagram.com/tasmaniangym,4.84,186,Academia / Gym,"https://www.google.com/maps/search/?api=1&query=Academia+Tasmanian+Gym+Rua+Píres+de+Campos,+409+-+Estados+Unidos,+Uberaba+-+MG,+38015-120"
CrossFit Uberaba,"Rua Veríssimo, 161 - São Benedito, Uberaba - MG, 38020-260",(34) 99275-4700,https://www.crossfit.com/gym/34972/crossfit-uberaba,4.8,103,CrossFit,https://www.google.com/maps/search/?api=1&query=-19.758081%2C-47.945033
SkyFit Academia Uberaba,"Av. Abílio Borges de Araújo, 427 - Nossa Senhora da Abadia, Uberaba - MG, 38026-070",(34) 99716-0606,https://skyfitacademia.com/,4.8,44,Academia / Gym,https://www.google.com/maps/search/?api=1&query=-19.76719%2C-47.92433
Over Prime Fitness,"Av. Edilson Lamartine Mendes, 65 - Parque das Américas, Uberaba - MG, 38045-000",(34) 99736-8784,https://www.instagram.com/overprimeoficial/,4.79,418,Academia / Gym,https://www.google.com/maps/search/?api=1&query=-19.7704304%2C-47.9454744
Academia Performance,"Av. Elias Cruvinel - Boa Vista, Uberaba - MG, 38070-100",(34) 3479-3440,https://www.instagram.com/academiaperformanceura/,4.7,145,Academia / Gym,https://www.google.com/maps/search/?api=1&query=-19.735003%2C-47.918507
Academia American Fit Uberaba,"Av. João XXIII, 695, Uberaba - MG, 38051-131",(34) 98426-7100,,4.7,130,Academia / Gym,https://www.google.com/maps/search/?api=1&query=-19.774044%2C-47.949978
Pró Fitness Academia,"Rua Benjamin Bernardino da Costa - Uberaba - MG, 38035-350",(34) 3314-4069,,4.6,51,Academia / Gym,https://www.google.com/maps/search/?api=1&query=-19.76216%2C-47.91304
Bio Tech Academy (BioFit),"Praça Dr. Thomaz Ulhôa, 461 - Nossa Senhora da Abadia, Uberaba - MG, 38025-050",(34) 3313-6845,https://www.biofitacademia.com.br/,4.5,611,Academia / Gym,https://www.google.com/maps/search/?api=1&query=-19.75312%2C-47.93158
Academia Corpo Em Construção,"Av. Djalma Castro Alves, 829 - Amoroso Costa, Uberaba - MG, 38073-000",(34) 3322-3677,,,,Academia / Gym,"https://www.google.com/maps/search/?api=1&query=Academia+Corpo+Em+Construção+Av.+Djalma+Castro+Alves,+829+-+Amoroso+Costa,+Uberaba+-+MG,+38073-000"
Academia Persona,"Rua Princesa do Sertão, 180, Uberaba - MG, 38020-090",(34) 3336-5008,http://www.academiapersona.com.br/,,,Academia / Gym,"https://www.google.com/maps/search/?api=1&query=Academia+Persona+Rua+Princesa+do+Sertão,+180,+Uberaba+-+MG,+38020-090"
AKAD Academia,"Av. Fernando Costa, 640 - São Benedito, Uberaba - MG, 38022-300",(34) 3311-0385,,,,Academia / Gym,"https://www.google.com/maps/search/?api=1&query=AKAD+Academia+Av.+Fernando+Costa,+640+-+São+Benedito,+Uberaba+-+MG,+38022-300"
Biotech Prime Academia,"Av. Nenê Sabino, 915 - Olinda, Uberaba - MG, 38055-500",(34) 3313-4335,,,,Academia / Gym,https://www.google.com/maps/search/?api=1&query=-19.7509921%2C-47.9630886
Bluefit Uberaba Centro,"Av. Leopoldino de Oliveira, 2520 - Estados Unidos, Uberaba - MG, 38015-000",(11) 3392-3811,https://www.bluefit.com.br/unidade/uberaba-centro,,,Academia / Gym,https://www.google.com/maps/search/?api=1&query=-19.7515159%2C-47.9261287
Center Prime Fitness,"Rua João Dallacqua, 420 - Beija-Flor, Uberaba - MG, 38051-331",(34) 3073-7306,https://www.facebook.com/centerprimefitness/,,,Academia / Gym,https://www.google.com/maps/search/?api=1&query=-19.75391%2C-47.987688
CrossFit Zebu,"Rua Doutor Silvério José Bernardes, 29, Uberaba - MG",,,,,CrossFit,https://www.google.com/maps/search/?api=1&query=-19.7497508%2C-47.9454191
CT Conectados,"Alameda Vereador Júlio César de Rezende, 84, Uberaba - MG",,,,,Academia / Gym,https://www.google.com/maps/search/?api=1&query=-19.74255%2C-47.9263966
Dumont Crossfit,"Av. Santos Dumont, 2899, Uberaba - MG",,,,,CrossFit,https://www.google.com/maps/search/?api=1&query=-19.7622593%2C-47.9586911
Fitsse / Academia em Uberaba,"Rua da Constituição, 364, Uberaba - MG, 38022-130",,https://www.fitsse.com.br/,,,Academia / Gym,https://www.google.com/maps/search/?api=1&query=-19.75584%2C-47.93602
Praça Cross Training,Uberaba - MG,,,,,CrossFit / Functional,https://www.google.com/maps/search/?api=1&query=-19.7369782%2C-47.9446958
Prime Fit,Uberaba - MG,,,,,Academia / Gym,https://www.google.com/maps/search/?api=1&query=-19.7624532%2C-47.9591925
Smart Fit Mata do Ipê,"Av. Guilherme Ferreira, 1550 - São Benedito, Uberaba - MG, 38022-200",,https://www.smartfit.com.br/academias/mata-do-ipe,,,Academia / Gym,https://www.google.com/maps/search/?api=1&query=-19.7631048%2C-47.9361921
Smart Fit Uberaba (Santos Dumont),"Av. Santos Dumont, 1000 - Santos Dumont, Uberaba - MG, 38050-590",,https://www.smartfit.com.br/academias/uberaba,,,Academia / Gym,https://www.google.com/maps/place/?q=place_id:ChIJzep4Z0I7WpMRch7doZ3dHPw
Smart Fit Uberaba Av. N. S. do Desterro,"Av. Nossa Senhora do Desterro, 140 - Jardim Esplanada, Uberaba - MG, 38082-025",,https://www.smartfit.com.br/academias/uberaba-av-n-s-do-desterro,,,Academia / Gym,"https://www.google.com/maps/search/?api=1&query=Smart+Fit+Uberaba+Av.+N.+S.+do+Desterro+Av.+Nossa+Senhora+do+Desterro,+140+-+Jardim+Esplanada,+Uberaba+-+MG,+38082-025"
Ótima Forma,Uberaba - MG,,,,,Academia / Gym,https://www.google.com/maps/search/?api=1&query=-19.759823%2C-47.9274896
