name,title,type,address,location,phone,website,linkedinUrl,email,notes
Uber — cidade Uberaba,Página oficial da cidade (passageiros),uber_city_page,"Uberaba, MG, Brasil","Uberaba, MG",,https://www.uber.com/global/pt-br/r/cities/uberaba-mg-br/,,,"Confirma app disponível 24/7; destinos populares (Shopping, ABCZ, Praça Rui Barbosa); menciona Uber Eats."
Uber — cadastro motorista Uberaba,Página de signup para motoristas parceiros,driver_signup,"Uberaba, MG, Brasil","Uberaba, MG",,https://www.uber.com/br/pt-br/e/drive/uberaba-mg-br/,,,"Cadastro aberto para motoristas; também promove entregas Uber Eats (2 ou 4 rodas). Requisitos: CNH, veículo elegível, checagem de segurança, 1+ ano experiência."
Uber Envios — Uberaba,Courier / entregas locais,uber_courier_page,"Uberaba, MG, Brasil","Uberaba, MG",,https://www.uber.com/br/pt-br/b/courier-services/uberaba-mg-br/,,,Uber Envios / Uber Direct / opções moto e carro anunciadas para Uberaba.
Uber — Aeroporto de Uberaba (UBA),Página aeroporto / pickup,uber_airport_page,"Aeroporto Mário de Almeida Franco (UBA), Uberaba, MG","Uberaba, MG",,https://www.uber.com/global/pt-br/r/airports/uba/?id=542,,,"Lista opções UberX, Priority, Uber Mulher, Moto; preços médios ilustrativos. Página oficial mistura texto de endereço com Ubá em um trecho — tratar UBA como Aeroporto de Uberaba."
UBER DO BRASIL TECNOLOGIA LTDA. (filial Uberaba),Filial CNPJ baixada,corporate_branch_closed,"Avenida Guilherme Ferreira, 1760 - São Benedito, Uberaba - MG, 38022-200","Uberaba, MG",,https://empresadois.com.br/cnpj/uber-do-brasil-tecnologia-ltda-17895646007270,,,CNPJ 17.895.646/0072-70; abertura 27/11/2019; situação BAIXADA (não é hub ativo). CNAE intermediação/agenciamento. Fonte: registros públicos CNPJ (EmpresaDois/Econodata).
Uber Greenlight / Espaço Uber Uberaba,Hub presencial parceiros,greenlight_hub,,"Uberaba, MG",,https://www.uber.com/br/pt-br/drive/contact/,,,Nenhum Espaço Uber / Greenlight público listado para Uberaba. Suporte presencial em grandes cidades (ex.: SP Barra Funda); checar app parceiro > Ajuda > Agendar atendimento presencial.
G1 — Uber inicia operações em Uberaba,Notícia de lançamento (14/12/2016),news,"Uberaba, MG","Uberaba, MG",,https://g1.globo.com/minas-gerais/triangulo-mineiro/noticia/2016/12/uber-inicia-oficialmente-operacoes-em-uberaba.html,,,Lançamento oficial 14/12/2016 às 14h; modalidade inicial mais barata; pagamento só cartão no início. Sedest alertou sobre legislação local.
Diário do Transporte — regulamentação apps Uberaba,Notícia regulamentação municipal (2018),news,"Uberaba, MG","Uberaba, MG",,https://diariodotransporte.com.br/2018/11/20/transporte-por-aplicativo-e-regulamentado-em-uberaba/,,,Lei municipal 12.963/2018; Prefeitura citou ~1.500 motoristas cadastrados no Uber à época; regras para Uber/99.
99 — cidade Uberaba (contexto concorrente),Cadastro motorista 99 em Uberaba,competitor_city_page,"Uberaba, MG","Uberaba, MG",0300 313 2421,https://99app.com/cidades/mg/uberaba/,,,99 opera em Uberaba (99Pop/99Táxi). Casa99 presencial mais próxima listada em BH (não há hub 99 em Uberaba).
