fullName;title;courseOrRole;location;linkedinUrl;email;status
Amanda Santos;Estudante de Terapia Ocupacional/Técnica em Administração;Terapia Ocupacional (cursando);Uberaba, Minas Gerais, Brazil;https://www.linkedin.com/in/amanda-santos-8391531b6;;student
Ana Laura Carvalho da Silva;Bacharel em Biomedicina UFTM | Mestranda;"Mestrado Health Professions (2024–2026); Biomedicina (2019–2024)";Uberaba, Minas Gerais, Brazil;https://www.linkedin.com/in/analauracarvalho99;;student
Ana Letícia Santos Abrão;Doutoranda em Ciência e Tecnologia Ambiental pela UFTM;Doutorado Ciência e Tecnologia Ambiental (2025–Present) | Eng. Ambiental UFTM (2014–2016);Uberaba, Minas Gerais, Brazil;https://www.linkedin.com/in/ana-leticia-santos-abrao;;student
Ana Lídia Teixeira;Aluno na UFTM - Universidade Federal do Triângulo Mineiro;Ciências Biomédicas / Biomedicina (2023–Present);Uberaba, Minas Gerais, Brazil;https://www.linkedin.com/in/ana-l%C3%ADdia-teixeira-b0233332a;;student
Anna Gabriella Martins Pires;Estudante de Nutrição | AlimenTRI Jr.;Nutrição (cursando);Uberaba, Minas Gerais, Brazil;https://www.linkedin.com/in/anna-gabriella-martins-pires-a799aa2ba;;student
Caio Gabriel de Andrade Miranda;Aluno de Medicina na UFTM;"Medicina (cursando; PET-Medicina)";Uberaba, Minas Gerais, Brazil;https://www.linkedin.com/in/caio-gabriel-de-andrade-miranda;;student
Camila Dourado;Graduanda em Psicologia e Técnica de Enfermagem;Psicologia (2021–2026);Uberaba, Minas Gerais, Brazil;https://www.linkedin.com/in/camila-dourado;;student
Diovanna Soares;Estudante de medicina da instituição de ensino UFTM;Medicina (2024–Present);Uberaba, Minas Gerais, Brazil;https://www.linkedin.com/in/diovanna-soares-77b68331b;;student
Eduarda Solidade;Estudante de medicina na Universidade Federal do Triângulo Mineiro;Medicina (2021–2027);Uberaba, Minas Gerais, Brazil;https://www.linkedin.com/in/eduarda-solidade-897901107;;student
Eli Vinícius;Graduando de Engenharia de Produção - UFTM;Engenharia de Produção (cursando);Uberaba, Minas Gerais, Brazil;https://www.linkedin.com/in/eli-vinicius;;student
Estefani Maia;Graduanda em Engenharia Agronômica;"Engenharia Agronômica (cursando; bolsista FAPEMIG)";Uberaba, Minas Gerais, Brazil;https://www.linkedin.com/in/estefani-maia-3b7b41330;;student
Evandro Moroni Junior;Mechanical Engineering - UFTM | Dual Degree ENSTA Bretagne;Engenharia Mecânica UFTM (dual degree / exchange);Uberaba, Minas Gerais, Brazil / Brest, France;https://www.linkedin.com/in/evandro-moroni;;student
Fabiane Fernandes da Silva;Acadêmica de Medicina na UFTM;"Medicina (cursando; 12º período)";Uberaba, Minas Gerais, Brazil;https://www.linkedin.com/in/fabiane-fernandes-da-silva-a662812a9;;student
Gabriel Barbosa;Graduando na instituição de ensino UFTM;"Engenharia Elétrica (cursando; EJEET)";Uberaba, Minas Gerais, Brazil;https://www.linkedin.com/in/gabriel-barbosa-0ab437320;;student
Gabriela Adami;Estudante de Medicina na UFTM;Medicina (cursando);Uberaba, Minas Gerais, Brazil;https://www.linkedin.com/in/gabriela-adami-3b088237;;student
Gabriela Lopes Cançado;Aluno na UFTM - Universidade Federal do Triângulo Mineiro;Graduação UFTM (2023–2027);Uberaba, Minas Gerais, Brazil;https://www.linkedin.com/in/gabriela-lopes-can%C3%A7ado-96863a30a;;student
Gabriella M.;Graduando em Engenharia Civil - UFTM;Engenharia Civil (2021–2026);Uberaba, Minas Gerais, Brazil;https://www.linkedin.com/in/gabriellamalaquias;;student
Gabriella Moura Ferreira;Graduanda de Engenharia Química | UFTM;Engenharia Química (cursando);Uberaba, Minas Gerais, Brazil;https://www.linkedin.com/in/gabriella-ferreira-009525284;;student
Guilherme Ficher;Aluno na UFTM - Universidade Federal do Triângulo Mineiro;Engenharia de Produção (2020–2026);Uberaba, Minas Gerais, Brazil;https://www.linkedin.com/in/guilherme-ficher-116327219;;student
Guilherme Valini Penha;Estudante de Engenharia de Produção - UFTM;Engenharia de Produção (2023–Present);Uberaba, Minas Gerais, Brazil;https://www.linkedin.com/in/guilhermevalinipenha;;student
Gustavo Firmino;Graduando em Engenharia Mecânica | CAE | CAM;Engenharia Mecânica (2022–2027);Uberaba, Minas Gerais, Brazil;https://www.linkedin.com/in/gustavo-firmino-a73b66283;;student
Isabella Caroline S. Guimarães;Graduanda em Terapia Ocupacional - UFTM;Terapia Ocupacional (2019–Present);Uberaba, Minas Gerais, Brazil;https://www.linkedin.com/in/isabella-caroline-s-guimar%C3%A3es-494124210;;student
Isabella Coutinho;Estudante de Engenharia Ambiental | Pesquisa e Desenvolvimento;Engenharia Ambiental e Sanitária (2021–2026);Uberaba, Minas Gerais, Brazil;https://www.linkedin.com/in/isabella-coutinho-914a8a209;;student
Julia Alvim;Aluno na UFTM - Universidade Federal do Triângulo Mineiro;Nutrição (2024–Present);Uberaba, Minas Gerais, Brazil;https://www.linkedin.com/in/julia-alvim-4a1128318;;student
Julia Guimarães;Estudante de Terapia Ocupacional na UFTM;"Terapia Ocupacional (cursando; 4º período)";Uberaba, Minas Gerais, Brazil;https://www.linkedin.com/in/julia-guimar%C3%A3es-6aa056203;;student
Julia Santos;Estudante de Licenciatura em Matemática na UFTM;Licenciatura em Matemática (2022–2026);Uberaba, Minas Gerais, Brazil;https://www.linkedin.com/in/julia-santos-a6137b264;;student
Ketulyn Gama;Graduanda em Engenharia de Produção;Engenharia de Produção (2023–2027);Uberaba, Minas Gerais, Brazil;https://www.linkedin.com/in/ketulyn-gama;;student
Laura Canesin;Graduanda em Engenharia Civil pela UFTM;Engenharia Civil (cursando);Uberaba, Minas Gerais, Brazil;https://www.linkedin.com/in/laura-canesin-892b36330;;student
Livia Urbano;Graduanda de Biomedicina na UFTM;Biomedicina (2022–2026);Uberaba, Minas Gerais, Brazil;https://www.linkedin.com/in/livia-urbano-60119b1b0;;student
Lorena Sabo;Estudante de Graduação de Engenharia de Alimentos - UFTM;Engenharia de Alimentos (2023–Present);Uberaba, Minas Gerais, Brazil;https://www.linkedin.com/in/lorena-sabo-a38015357;;student
Lucas Lopes;Graduando em Engenharia Civil - Universidade Federal do Triângulo Mineiro;Engenharia Civil (cursando);Uberaba, Minas Gerais, Brazil;https://www.linkedin.com/in/lucas-lopes-407850226;;student
Mariana Maia;Graduanda em Terapia Ocupacional na UFTM (8° Período);Terapia Ocupacional (2020–Present);Uberaba, Minas Gerais, Brazil;https://www.linkedin.com/in/mariana-maia-25a70a286;;student
Marielle Puchinques Pereira;Graduanda em Medicina pela UFTM;Medicina (2025–Present);Uberaba, Minas Gerais, Brazil;https://www.linkedin.com/in/marielle-puchinques-pereira-b40015201;;student
Matheus Martins;Graduando em Engenharia Civil pela UFTM e Analista de Projetos pela WEG;Engenharia Civil (2019–2026);Uberaba, Minas Gerais, Brazil;https://www.linkedin.com/in/mthsmds;;student
Nyna Marques;Estudante de Psicologia da UFTM;Psicologia (2022–2027);Uberaba, Minas Gerais, Brazil;https://www.linkedin.com/in/nyna-marques-3332b72a9;;student
Pedro Henrique Costa Cordeiro;Aluno na UFTM - Universidade Federal do Triângulo Mineiro;Engenharia Ambiental (2021–2026);Uberaba, Minas Gerais, Brazil;https://www.linkedin.com/in/pedro-henrique-costa-cordeiro-660165226;;student
Rafael Marques;Graduando de Engenharia de Produção na UFTM;Engenharia de Produção (2020–cursando);Uberaba, Minas Gerais, Brazil;https://www.linkedin.com/in/rafael-marques-3b5240246;;student
Sabrina Santos;Acadêmica de Medicina na UFTM;Medicina (2022–2027);Minas Gerais, Brazil;https://www.linkedin.com/in/sabrina-santos-827a31220;;student
Saulo Domingos Custódio Junior;Aluno na UFTM - Universidade Federal do Triângulo Mineiro;Biomedicina (2024–Present);Uberaba, Minas Gerais, Brazil;https://www.linkedin.com/in/saulo-domingos-cust%C3%B3dio-junior-737430304;;student
Thiago Camargo Dias;Graduando Engenharia Mecânica - UFTM;Engenharia Mecânica (cursando);Uberaba, Minas Gerais, Brazil;https://www.linkedin.com/in/thiagocdias;;student
Vicente Cecilio de Paula;Estudante de Engenharia Mecânica na UFTM;Engenharia Mecânica (2022–2026);Uberaba, Minas Gerais, Brazil;https://www.linkedin.com/in/vicente-cecilio-de-paula-9a3779283;;student
Vinicius Mataraia;Aluno na UFTM - Universidade Federal do Triângulo Mineiro;Engenharia de Produção (2022–2026);Uberaba, Minas Gerais, Brazil;https://www.linkedin.com/in/vinicius-mataraia-a387a1331;;student
Yanna L.;Graduando em Ciências Biológicas - UFTM e UX/UI Design - EBAC;Licenciatura em Ciências Biológicas (2022–2026);Uberaba, Minas Gerais, Brazil;https://www.linkedin.com/in/yannarl18;;student
