fullName;title;courseOrRole;location;linkedinUrl;email;status
Alcebiades Silva;Graduando em engenharia agronômica / estagiário de pesquisa;Engenharia Agronômica (2024–2027);Uberaba, Minas Gerais, Brazil;https://www.linkedin.com/in/alcebiades-silva-19281b2b0;;student
Alfredo Faria Ferreira;Profissional de TI | Graduando em Sistemas de Informação;Sistemas de Informação (2023–2026);Uberaba, Minas Gerais, Brazil;https://www.linkedin.com/in/alfredo-faria-ferreira-947b2a21b;;student
Arthur Arantes;Desenvolvedor-Python | Node.js | React | SQL | Bubble | Estudante de Sistemas de Informação – Uniube;Sistemas de Informação (2023–2027);Uberaba, Minas Gerais, Brazil;https://www.linkedin.com/in/arthur-arantes-95b515266;;student
Diego Uniube;Frequentou a Universidade de Uberaba;Engenharia Ambiental (2010–2015);Uberaba, Minas Gerais, Brazil;https://www.linkedin.com/in/diego-uniube-a13627106;;alumni
Elias Gomes;Aluno da Uniube | Cursando Ciências Contábeis;Ciências Contábeis (2025–2028);Uberaba, Minas Gerais, Brazil;;;student
Elias Ribeiro;Aluno na Uniube - Universidade de Uberaba;Biomedicina (2024–2027);Uberaba, Minas Gerais, Brazil;https://www.linkedin.com/in/elias-ribeiro-90b8372ab;;student
Elias Rodrigues;Proprietário na Elias Rodrigues Assessoria Contábil;Administração (2010–2012);Uberaba, Minas Gerais, Brazil;https://www.linkedin.com/in/elias-rodrigues-16470336;;alumni
Felipe Gabriel;Estudante de Sistemas de Informação (SI) na Uniube;Sistemas de Informação (2024–Present);Uberaba, Minas Gerais, Brazil;https://www.linkedin.com/in/felipe-gabriel-005b27161;;student
Felipe Vaz;Estudante de Psicologia (5º período) | Bolsista FAPEMIG NIT | Extensionista;Psicologia (2024–Present);Uberaba, Minas Gerais, Brazil;https://www.linkedin.com/in/felipe-vaz-439896174;;student
Frederico Uniube;Técnico Soluções Energéticas na CEMIG;Direito e Engenharia (Uniube);Uberaba, Minas Gerais, Brazil;https://www.linkedin.com/in/frederico-uniube-b1440236;;alumni
Gabriel A. Bezerra;Aluno UNIUBE 4° período | Python | JAVA | BD (SQL);Sistemas de Informação (2023–2026);Uberaba, Minas Gerais, Brazil;https://www.linkedin.com/in/gabriel-a-bezerra-b58735250;;student
Gabriel Felipe;Estudante inovador de Direito;Direito (2021–2026);Uberaba, Minas Gerais, Brazil;https://www.linkedin.com/in/gabriel-felipe-8713821b6;;student
Hyago Henrique;Analista de marketing | Publicidade (formado) | Marketing (graduando);"Marketing (cursando); Publicidade e Propaganda (2020–2023)";Uberaba, Minas Gerais, Brazil;https://www.linkedin.com/in/hyago-henrique;;student
Hygor Custodio;Aluno na Uniube - Universidade de Uberaba;Sistemas de Informação (2023–2026);Uberaba, Minas Gerais, Brazil;https://www.linkedin.com/in/hygor-custodio-a03006351;;student
Kauan Paiva;Cursando Engenharia Química na Uniube | Futuro Engenheiro Químico;Engenharia Química (2023–Present);Uberaba, Minas Gerais, Brazil;https://www.linkedin.com/in/kauan-paiva-4a55512aa;;student
Lincoln Borges;Estudante de Psicologia na Uniube 4° período;Psicologia (cursando);Araxá, Minas Gerais, Brazil;https://www.linkedin.com/in/lincoln-borges-0a85a6333;;student
Lincoln Pires Silva Borges;DDS / PhD Dental Materials;Odontologia (2011–2015);Itu / Campinas, São Paulo, Brazil;https://www.linkedin.com/in/lincoln-borges-603b66247;;alumni
Lucas Albino Correia;Estudante / Gestor de Recursos Humanos — Uniube;Gestão de Recursos Humanos;Uberaba, Minas Gerais, Brazil;https://www.linkedin.com/in/lucas-albino-correia-3b9838363;;alumni
Lucas Mariano;Aluno na Uniube - Universidade de Uberaba;Farmácia (2018–2022);Uberaba, Minas Gerais, Brazil;https://www.linkedin.com/in/lucas-mariano-a90b63203;;alumni
Marcus Eduardo Barbosa da Silva;Frequenta a Uniube - Universidade de Uberaba;Psicologia (2023–2027);Uberaba, Minas Gerais, Brazil;https://www.linkedin.com/in/marcus-eduardo-barbosa-da-silva-0b010a301;;student
Mateus de Sousa Valente;Analista de sistemas e Professor na Uniube;"Sistemas de Informação (2016–2019); Engenharia da Computação (cursando)";Uberaba, Minas Gerais, Brazil;https://www.linkedin.com/in/mateus-valente-b6978a173;;alumni
Murilo José Silva;Estudante de Sistemas de Informação na Uniube;Sistemas de Informação (2024–Present);Uberaba, Minas Gerais, Brazil;https://www.linkedin.com/in/murilo-jos%C3%A9-silva04;;student
Nilson Silva;Nilson Silva UNIUBE;Engenharia Civil (2010–2015);Uberaba, Minas Gerais, Brazil;https://www.linkedin.com/in/nilson-silva-uniube-85976368;;alumni
Vitor Ferreira Gomes;Aluno na Uniube - Universidade de Uberaba;Sistemas de Informação (2023–2026);Uberaba, Minas Gerais, Brazil;https://www.linkedin.com/in/vitor-ferreira-gomes-24b90a28a;;student
